gs://pont1000testus/1.jpg,PP
gs://pont1000testus/2.jpg,FL
gs://pont1000testus/3.jpg,RD
gs://pont1000testus/4.jpg,FL
gs://pont1000testus/5.jpg,RA
gs://pont1000testus/6.jpg,FL
gs://pont1000testus/7.jpg,TS
gs://pont1000testus/8.jpg,RA
gs://pont1000testus/9.jpg,FL
gs://pont1000testus/10.jpg,RD
gs://pont1000testus/11.jpg,AP
gs://pont1000testus/12.jpg,TS
gs://pont1000testus/13.jpg,AP
gs://pont1000testus/14.jpg,PP
gs://pont1000testus/15.jpg,TS
gs://pont1000testus/16.jpg,TS
gs://pont1000testus/17.jpg,RA
gs://pont1000testus/18.jpg,TS
gs://pont1000testus/19.jpg,PP
gs://pont1000testus/20.jpg,RD
gs://pont1000testus/21.jpg,TS
gs://pont1000testus/22.jpg,RA
gs://pont1000testus/23.jpg,PP
gs://pont1000testus/24.jpg,RD
gs://pont1000testus/25.jpg,TS
gs://pont1000testus/26.jpg,PP
gs://pont1000testus/27.jpg,RD
gs://pont1000testus/28.jpg,PP
gs://pont1000testus/29.jpg,PP
gs://pont1000testus/30.jpg,RD
gs://pont1000testus/31.jpg,FL
gs://pont1000testus/32.jpg,FL
gs://pont1000testus/33.jpg,AP
gs://pont1000testus/34.jpg,FL
gs://pont1000testus/35.jpg,PP
gs://pont1000testus/36.jpg,RA
gs://pont1000testus/37.jpg,RA
gs://pont1000testus/38.jpg,TS
gs://pont1000testus/39.jpg,RA
gs://pont1000testus/40.jpg,AP
gs://pont1000testus/41.jpg,RD
gs://pont1000testus/42.jpg,PP
gs://pont1000testus/43.jpg,PP
gs://pont1000testus/44.jpg,RD
gs://pont1000testus/45.jpg,RD
gs://pont1000testus/46.jpg,RD
gs://pont1000testus/47.jpg,AP
gs://pont1000testus/48.jpg,FL
gs://pont1000testus/49.jpg,RA
gs://pont1000testus/50.jpg,RA
gs://pont1000testus/51.jpg,RA
gs://pont1000testus/52.jpg,TS
gs://pont1000testus/53.jpg,AP
gs://pont1000testus/54.jpg,AP
gs://pont1000testus/55.jpg,FL
gs://pont1000testus/56.jpg,PP
gs://pont1000testus/57.jpg,PP
gs://pont1000testus/58.jpg,TS
gs://pont1000testus/59.jpg,FL
gs://pont1000testus/60.jpg,RA
gs://pont1000testus/61.jpg,AP
gs://pont1000testus/62.jpg,RA
gs://pont1000testus/63.jpg,TS
gs://pont1000testus/64.jpg,FL
gs://pont1000testus/65.jpg,TS
gs://pont1000testus/66.jpg,FL
gs://pont1000testus/67.jpg,PP
gs://pont1000testus/68.jpg,RD
gs://pont1000testus/69.jpg,FL
gs://pont1000testus/70.jpg,AP
gs://pont1000testus/71.jpg,RD
gs://pont1000testus/72.jpg,RD
gs://pont1000testus/73.jpg,RD
gs://pont1000testus/74.jpg,RA
gs://pont1000testus/75.jpg,AP
gs://pont1000testus/76.jpg,RD
gs://pont1000testus/77.jpg,RA
gs://pont1000testus/78.jpg,PP
gs://pont1000testus/79.jpg,RD
gs://pont1000testus/80.jpg,PP
gs://pont1000testus/81.jpg,RD
gs://pont1000testus/82.jpg,PP
gs://pont1000testus/83.jpg,PP
gs://pont1000testus/84.jpg,TS
gs://pont1000testus/85.jpg,PP
gs://pont1000testus/86.jpg,AP
gs://pont1000testus/87.jpg,PP
gs://pont1000testus/88.jpg,RA
gs://pont1000testus/89.jpg,AP
gs://pont1000testus/90.jpg,FL
gs://pont1000testus/91.jpg,AP
gs://pont1000testus/92.jpg,RA
gs://pont1000testus/93.jpg,TS
gs://pont1000testus/94.jpg,RD
gs://pont1000testus/95.jpg,RA
gs://pont1000testus/96.jpg,AP
gs://pont1000testus/97.jpg,FL
gs://pont1000testus/98.jpg,TS
gs://pont1000testus/99.jpg,RA
gs://pont1000testus/100.jpg,RD
gs://pont1000testus/101.jpg,RA
gs://pont1000testus/102.jpg,RA
gs://pont1000testus/103.jpg,TS
gs://pont1000testus/104.jpg,FL
gs://pont1000testus/105.jpg,AP
gs://pont1000testus/106.jpg,PP
gs://pont1000testus/107.jpg,FL
gs://pont1000testus/108.jpg,RD
gs://pont1000testus/109.jpg,RD
gs://pont1000testus/110.jpg,RA
gs://pont1000testus/111.jpg,RD
gs://pont1000testus/112.jpg,FL
gs://pont1000testus/113.jpg,FL
gs://pont1000testus/114.jpg,FL
gs://pont1000testus/115.jpg,RA
gs://pont1000testus/116.jpg,RD
gs://pont1000testus/117.jpg,RD
gs://pont1000testus/118.jpg,RD
gs://pont1000testus/119.jpg,AP
gs://pont1000testus/120.jpg,AP
gs://pont1000testus/121.jpg,RD
gs://pont1000testus/122.jpg,TS
gs://pont1000testus/123.jpg,RD
gs://pont1000testus/124.jpg,RA
gs://pont1000testus/125.jpg,TS
gs://pont1000testus/126.jpg,TS
gs://pont1000testus/127.jpg,FL
gs://pont1000testus/128.jpg,AP
gs://pont1000testus/129.jpg,TS
gs://pont1000testus/130.jpg,TS
gs://pont1000testus/131.jpg,PP
gs://pont1000testus/132.jpg,FL
gs://pont1000testus/133.jpg,PP
gs://pont1000testus/134.jpg,RD
gs://pont1000testus/135.jpg,TS
gs://pont1000testus/136.jpg,RD
gs://pont1000testus/137.jpg,FL
gs://pont1000testus/138.jpg,FL
gs://pont1000testus/139.jpg,PP
gs://pont1000testus/140.jpg,PP
gs://pont1000testus/141.jpg,RA
gs://pont1000testus/142.jpg,PP
gs://pont1000testus/143.jpg,RA
gs://pont1000testus/144.jpg,AP
gs://pont1000testus/145.jpg,RD
gs://pont1000testus/146.jpg,AP
gs://pont1000testus/147.jpg,RA
gs://pont1000testus/148.jpg,TS
gs://pont1000testus/149.jpg,TS
gs://pont1000testus/150.jpg,AP
gs://pont1000testus/151.jpg,TS
gs://pont1000testus/152.jpg,RD
gs://pont1000testus/153.jpg,AP
gs://pont1000testus/154.jpg,RA
gs://pont1000testus/155.jpg,RA
gs://pont1000testus/156.jpg,AP
gs://pont1000testus/157.jpg,RA
gs://pont1000testus/158.jpg,RD
gs://pont1000testus/159.jpg,FL
gs://pont1000testus/160.jpg,RA
gs://pont1000testus/161.jpg,RA
gs://pont1000testus/162.jpg,PP
gs://pont1000testus/163.jpg,PP
gs://pont1000testus/164.jpg,AP
gs://pont1000testus/165.jpg,RD
gs://pont1000testus/166.jpg,TS
gs://pont1000testus/167.jpg,PP
gs://pont1000testus/168.jpg,PP
gs://pont1000testus/169.jpg,RD
gs://pont1000testus/170.jpg,RD
gs://pont1000testus/171.jpg,RA
gs://pont1000testus/172.jpg,FL
gs://pont1000testus/173.jpg,PP
gs://pont1000testus/174.jpg,RA
gs://pont1000testus/175.jpg,TS
gs://pont1000testus/176.jpg,RD
gs://pont1000testus/177.jpg,PP
gs://pont1000testus/178.jpg,TS
gs://pont1000testus/179.jpg,RD
gs://pont1000testus/180.jpg,RD
gs://pont1000testus/181.jpg,AP
gs://pont1000testus/182.jpg,FL
gs://pont1000testus/183.jpg,PP
gs://pont1000testus/184.jpg,FL
gs://pont1000testus/185.jpg,TS
gs://pont1000testus/186.jpg,RA
gs://pont1000testus/187.jpg,RD
gs://pont1000testus/188.jpg,TS
gs://pont1000testus/189.jpg,PP
gs://pont1000testus/190.jpg,PP
gs://pont1000testus/191.jpg,FL
gs://pont1000testus/192.jpg,RD
gs://pont1000testus/193.jpg,PP
gs://pont1000testus/194.jpg,RD
gs://pont1000testus/195.jpg,PP
gs://pont1000testus/196.jpg,PP
gs://pont1000testus/197.jpg,FL
gs://pont1000testus/198.jpg,TS
gs://pont1000testus/199.jpg,FL
gs://pont1000testus/200.jpg,TS
gs://pont1000testus/201.jpg,FL
gs://pont1000testus/202.jpg,RA
gs://pont1000testus/203.jpg,FL
gs://pont1000testus/204.jpg,FL
gs://pont1000testus/205.jpg,RA
gs://pont1000testus/206.jpg,PP
gs://pont1000testus/207.jpg,AP
gs://pont1000testus/208.jpg,AP
gs://pont1000testus/209.jpg,PP
gs://pont1000testus/210.jpg,TS
gs://pont1000testus/211.jpg,AP
gs://pont1000testus/212.jpg,AP
gs://pont1000testus/213.jpg,TS
gs://pont1000testus/214.jpg,AP
gs://pont1000testus/215.jpg,RD
gs://pont1000testus/216.jpg,RA
gs://pont1000testus/217.jpg,TS
gs://pont1000testus/218.jpg,RD
gs://pont1000testus/219.jpg,PP
gs://pont1000testus/220.jpg,RD
gs://pont1000testus/221.jpg,PP
gs://pont1000testus/222.jpg,FL
gs://pont1000testus/223.jpg,FL
gs://pont1000testus/224.jpg,RD
gs://pont1000testus/225.jpg,RA
gs://pont1000testus/226.jpg,AP
gs://pont1000testus/227.jpg,PP
gs://pont1000testus/228.jpg,PP
gs://pont1000testus/229.jpg,AP
gs://pont1000testus/230.jpg,AP
gs://pont1000testus/231.jpg,RA
gs://pont1000testus/232.jpg,RD
gs://pont1000testus/233.jpg,PP
gs://pont1000testus/234.jpg,TS
gs://pont1000testus/235.jpg,PP
gs://pont1000testus/236.jpg,AP
gs://pont1000testus/237.jpg,FL
gs://pont1000testus/238.jpg,FL
gs://pont1000testus/239.jpg,FL
gs://pont1000testus/240.jpg,RD
gs://pont1000testus/241.jpg,PP
gs://pont1000testus/242.jpg,TS
gs://pont1000testus/243.jpg,RD
gs://pont1000testus/244.jpg,PP
gs://pont1000testus/245.jpg,RD
gs://pont1000testus/246.jpg,PP
gs://pont1000testus/247.jpg,FL
gs://pont1000testus/248.jpg,RD
gs://pont1000testus/249.jpg,AP
gs://pont1000testus/250.jpg,AP
gs://pont1000testus/251.jpg,PP
gs://pont1000testus/252.jpg,RD
gs://pont1000testus/253.jpg,TS
gs://pont1000testus/254.jpg,TS
gs://pont1000testus/255.jpg,RA
gs://pont1000testus/256.jpg,RA
gs://pont1000testus/257.jpg,PP
gs://pont1000testus/258.jpg,RA
gs://pont1000testus/259.jpg,FL
gs://pont1000testus/260.jpg,RD
gs://pont1000testus/261.jpg,FL
gs://pont1000testus/262.jpg,AP
gs://pont1000testus/263.jpg,PP
gs://pont1000testus/264.jpg,AP
gs://pont1000testus/265.jpg,AP
gs://pont1000testus/266.jpg,RD
gs://pont1000testus/267.jpg,TS
gs://pont1000testus/268.jpg,RA
gs://pont1000testus/269.jpg,AP
gs://pont1000testus/270.jpg,TS
gs://pont1000testus/271.jpg,PP
gs://pont1000testus/272.jpg,RA
gs://pont1000testus/273.jpg,RD
gs://pont1000testus/274.jpg,TS
gs://pont1000testus/275.jpg,RA
gs://pont1000testus/276.jpg,RA
gs://pont1000testus/277.jpg,RA
gs://pont1000testus/278.jpg,AP
gs://pont1000testus/279.jpg,TS
gs://pont1000testus/280.jpg,TS
gs://pont1000testus/281.jpg,PP
gs://pont1000testus/282.jpg,RD
gs://pont1000testus/283.jpg,RD
gs://pont1000testus/284.jpg,TS
gs://pont1000testus/285.jpg,PP
gs://pont1000testus/286.jpg,RD
gs://pont1000testus/287.jpg,FL
gs://pont1000testus/288.jpg,PP
gs://pont1000testus/289.jpg,PP
gs://pont1000testus/290.jpg,PP
gs://pont1000testus/291.jpg,PP
gs://pont1000testus/292.jpg,AP
gs://pont1000testus/293.jpg,RA
gs://pont1000testus/294.jpg,PP
gs://pont1000testus/295.jpg,FL
gs://pont1000testus/296.jpg,AP
gs://pont1000testus/297.jpg,RD
gs://pont1000testus/298.jpg,PP
gs://pont1000testus/299.jpg,TS
gs://pont1000testus/300.jpg,PP
gs://pont1000testus/301.jpg,RD
gs://pont1000testus/302.jpg,AP
gs://pont1000testus/303.jpg,RA
gs://pont1000testus/304.jpg,FL
gs://pont1000testus/305.jpg,AP
gs://pont1000testus/306.jpg,RD
gs://pont1000testus/307.jpg,AP
gs://pont1000testus/308.jpg,AP
gs://pont1000testus/309.jpg,RD
gs://pont1000testus/310.jpg,AP
gs://pont1000testus/311.jpg,FL
gs://pont1000testus/312.jpg,RD
gs://pont1000testus/313.jpg,FL
gs://pont1000testus/314.jpg,PP
gs://pont1000testus/315.jpg,TS
gs://pont1000testus/316.jpg,FL
gs://pont1000testus/317.jpg,RD
gs://pont1000testus/318.jpg,AP
gs://pont1000testus/319.jpg,AP
gs://pont1000testus/320.jpg,RA
gs://pont1000testus/321.jpg,TS
gs://pont1000testus/322.jpg,PP
gs://pont1000testus/323.jpg,AP
gs://pont1000testus/324.jpg,RA
gs://pont1000testus/325.jpg,PP
gs://pont1000testus/326.jpg,PP
gs://pont1000testus/327.jpg,AP
gs://pont1000testus/328.jpg,RD
gs://pont1000testus/329.jpg,FL
gs://pont1000testus/330.jpg,PP
gs://pont1000testus/331.jpg,FL
gs://pont1000testus/332.jpg,RD
gs://pont1000testus/333.jpg,RA
gs://pont1000testus/334.jpg,RD
gs://pont1000testus/335.jpg,FL
gs://pont1000testus/336.jpg,RD
gs://pont1000testus/337.jpg,FL
gs://pont1000testus/338.jpg,PP
gs://pont1000testus/339.jpg,RD
gs://pont1000testus/340.jpg,PP
gs://pont1000testus/341.jpg,PP
gs://pont1000testus/342.jpg,TS
gs://pont1000testus/343.jpg,PP
gs://pont1000testus/344.jpg,AP
gs://pont1000testus/345.jpg,TS
gs://pont1000testus/346.jpg,TS
gs://pont1000testus/347.jpg,FL
gs://pont1000testus/348.jpg,TS
gs://pont1000testus/349.jpg,AP
gs://pont1000testus/350.jpg,RD
gs://pont1000testus/351.jpg,FL
gs://pont1000testus/352.jpg,RD
gs://pont1000testus/353.jpg,PP
gs://pont1000testus/354.jpg,RA
gs://pont1000testus/355.jpg,RA
gs://pont1000testus/356.jpg,PP
gs://pont1000testus/357.jpg,PP
gs://pont1000testus/358.jpg,AP
gs://pont1000testus/359.jpg,AP
gs://pont1000testus/360.jpg,RD
gs://pont1000testus/361.jpg,FL
gs://pont1000testus/362.jpg,FL
gs://pont1000testus/363.jpg,RD
gs://pont1000testus/364.jpg,RD
gs://pont1000testus/365.jpg,RD
gs://pont1000testus/366.jpg,RA
gs://pont1000testus/367.jpg,AP
gs://pont1000testus/368.jpg,TS
gs://pont1000testus/369.jpg,AP
gs://pont1000testus/370.jpg,AP
gs://pont1000testus/371.jpg,AP
gs://pont1000testus/372.jpg,RD
gs://pont1000testus/373.jpg,TS
gs://pont1000testus/374.jpg,RD
gs://pont1000testus/375.jpg,AP
gs://pont1000testus/376.jpg,RA
gs://pont1000testus/377.jpg,PP
gs://pont1000testus/378.jpg,RA
gs://pont1000testus/379.jpg,AP
gs://pont1000testus/380.jpg,RA
gs://pont1000testus/381.jpg,PP
gs://pont1000testus/382.jpg,AP
gs://pont1000testus/383.jpg,FL
gs://pont1000testus/384.jpg,AP
gs://pont1000testus/385.jpg,RA
gs://pont1000testus/386.jpg,PP
gs://pont1000testus/387.jpg,AP
gs://pont1000testus/388.jpg,RD
gs://pont1000testus/389.jpg,FL
gs://pont1000testus/390.jpg,RD
gs://pont1000testus/391.jpg,AP
gs://pont1000testus/392.jpg,PP
gs://pont1000testus/393.jpg,TS
gs://pont1000testus/394.jpg,FL
gs://pont1000testus/395.jpg,TS
gs://pont1000testus/396.jpg,AP
gs://pont1000testus/397.jpg,RD
gs://pont1000testus/398.jpg,RD
gs://pont1000testus/399.jpg,FL
gs://pont1000testus/400.jpg,RD
gs://pont1000testus/401.jpg,PP
gs://pont1000testus/402.jpg,RA
gs://pont1000testus/403.jpg,PP
gs://pont1000testus/404.jpg,FL
gs://pont1000testus/405.jpg,RA
gs://pont1000testus/406.jpg,AP
gs://pont1000testus/407.jpg,TS
gs://pont1000testus/408.jpg,PP
gs://pont1000testus/409.jpg,RD
gs://pont1000testus/410.jpg,PP
gs://pont1000testus/411.jpg,TS
gs://pont1000testus/412.jpg,FL
gs://pont1000testus/413.jpg,AP
gs://pont1000testus/414.jpg,FL
gs://pont1000testus/415.jpg,RA
gs://pont1000testus/416.jpg,TS
gs://pont1000testus/417.jpg,AP
gs://pont1000testus/418.jpg,PP
gs://pont1000testus/419.jpg,TS
gs://pont1000testus/420.jpg,AP
gs://pont1000testus/421.jpg,TS
gs://pont1000testus/422.jpg,PP
gs://pont1000testus/423.jpg,FL
gs://pont1000testus/424.jpg,TS
gs://pont1000testus/425.jpg,PP
gs://pont1000testus/426.jpg,RD
gs://pont1000testus/427.jpg,TS
gs://pont1000testus/428.jpg,RD
gs://pont1000testus/429.jpg,FL
gs://pont1000testus/430.jpg,RA
gs://pont1000testus/431.jpg,TS
gs://pont1000testus/432.jpg,TS
gs://pont1000testus/433.jpg,RA
gs://pont1000testus/434.jpg,AP
gs://pont1000testus/435.jpg,RD
gs://pont1000testus/436.jpg,AP
gs://pont1000testus/437.jpg,RD
gs://pont1000testus/438.jpg,AP
gs://pont1000testus/439.jpg,AP
gs://pont1000testus/440.jpg,AP
gs://pont1000testus/441.jpg,RA
gs://pont1000testus/442.jpg,PP
gs://pont1000testus/443.jpg,PP
gs://pont1000testus/444.jpg,TS
gs://pont1000testus/445.jpg,AP
gs://pont1000testus/446.jpg,TS
gs://pont1000testus/447.jpg,FL
gs://pont1000testus/448.jpg,FL
gs://pont1000testus/449.jpg,AP
gs://pont1000testus/450.jpg,AP
gs://pont1000testus/451.jpg,RD
gs://pont1000testus/452.jpg,PP
gs://pont1000testus/453.jpg,AP
gs://pont1000testus/454.jpg,TS
gs://pont1000testus/455.jpg,PP
gs://pont1000testus/456.jpg,AP
gs://pont1000testus/457.jpg,AP
gs://pont1000testus/458.jpg,PP
gs://pont1000testus/459.jpg,PP
gs://pont1000testus/460.jpg,PP
gs://pont1000testus/461.jpg,TS
gs://pont1000testus/462.jpg,RA
gs://pont1000testus/463.jpg,RA
gs://pont1000testus/464.jpg,PP
gs://pont1000testus/465.jpg,AP
gs://pont1000testus/466.jpg,AP
gs://pont1000testus/467.jpg,RA
gs://pont1000testus/468.jpg,AP
gs://pont1000testus/469.jpg,TS
gs://pont1000testus/470.jpg,TS
gs://pont1000testus/471.jpg,RD
gs://pont1000testus/472.jpg,PP
gs://pont1000testus/473.jpg,RD
gs://pont1000testus/474.jpg,RA
gs://pont1000testus/475.jpg,AP
gs://pont1000testus/476.jpg,PP
gs://pont1000testus/477.jpg,FL
gs://pont1000testus/478.jpg,PP
gs://pont1000testus/479.jpg,FL
gs://pont1000testus/480.jpg,RD
gs://pont1000testus/481.jpg,RD
gs://pont1000testus/482.jpg,FL
gs://pont1000testus/483.jpg,FL
gs://pont1000testus/484.jpg,FL
gs://pont1000testus/485.jpg,TS
gs://pont1000testus/486.jpg,FL
gs://pont1000testus/487.jpg,PP
gs://pont1000testus/488.jpg,RA
gs://pont1000testus/489.jpg,RD
gs://pont1000testus/490.jpg,TS
gs://pont1000testus/491.jpg,FL
gs://pont1000testus/492.jpg,TS
gs://pont1000testus/493.jpg,RD
gs://pont1000testus/494.jpg,RD
gs://pont1000testus/495.jpg,RD
gs://pont1000testus/496.jpg,PP
gs://pont1000testus/497.jpg,RD
gs://pont1000testus/498.jpg,RD
gs://pont1000testus/499.jpg,RD
gs://pont1000testus/500.jpg,RD
gs://pont1000testus/501.jpg,AP
gs://pont1000testus/502.jpg,FL
gs://pont1000testus/503.jpg,RD
gs://pont1000testus/504.jpg,RD
gs://pont1000testus/505.jpg,RA
gs://pont1000testus/506.jpg,PP
gs://pont1000testus/507.jpg,RA
gs://pont1000testus/508.jpg,TS
gs://pont1000testus/509.jpg,RA
gs://pont1000testus/510.jpg,AP
gs://pont1000testus/511.jpg,FL
gs://pont1000testus/512.jpg,TS
gs://pont1000testus/513.jpg,RA
gs://pont1000testus/514.jpg,RD
gs://pont1000testus/515.jpg,FL
gs://pont1000testus/516.jpg,PP
gs://pont1000testus/517.jpg,RD
gs://pont1000testus/518.jpg,FL
gs://pont1000testus/519.jpg,RA
gs://pont1000testus/520.jpg,AP
gs://pont1000testus/521.jpg,RA
gs://pont1000testus/522.jpg,PP
gs://pont1000testus/523.jpg,RD
gs://pont1000testus/524.jpg,PP
gs://pont1000testus/525.jpg,TS
gs://pont1000testus/526.jpg,TS
gs://pont1000testus/527.jpg,AP
gs://pont1000testus/528.jpg,PP
gs://pont1000testus/529.jpg,RD
gs://pont1000testus/530.jpg,AP
gs://pont1000testus/531.jpg,AP
gs://pont1000testus/532.jpg,FL
gs://pont1000testus/533.jpg,RA
gs://pont1000testus/534.jpg,RD
gs://pont1000testus/535.jpg,TS
gs://pont1000testus/536.jpg,RD
gs://pont1000testus/537.jpg,AP
gs://pont1000testus/538.jpg,PP
gs://pont1000testus/539.jpg,RD
gs://pont1000testus/540.jpg,TS
gs://pont1000testus/541.jpg,PP
gs://pont1000testus/542.jpg,RD
gs://pont1000testus/543.jpg,TS
gs://pont1000testus/544.jpg,PP
gs://pont1000testus/545.jpg,PP
gs://pont1000testus/546.jpg,TS
gs://pont1000testus/547.jpg,RA
gs://pont1000testus/548.jpg,AP
gs://pont1000testus/549.jpg,PP
gs://pont1000testus/550.jpg,TS
gs://pont1000testus/551.jpg,RA
gs://pont1000testus/552.jpg,PP
gs://pont1000testus/553.jpg,RA
gs://pont1000testus/554.jpg,PP
gs://pont1000testus/555.jpg,RD
gs://pont1000testus/556.jpg,FL
gs://pont1000testus/557.jpg,PP
gs://pont1000testus/558.jpg,PP
gs://pont1000testus/559.jpg,FL
gs://pont1000testus/560.jpg,TS
gs://pont1000testus/561.jpg,AP
gs://pont1000testus/562.jpg,AP
gs://pont1000testus/563.jpg,FL
gs://pont1000testus/564.jpg,TS
gs://pont1000testus/565.jpg,AP
gs://pont1000testus/566.jpg,RD
gs://pont1000testus/567.jpg,AP
gs://pont1000testus/568.jpg,RA
gs://pont1000testus/569.jpg,TS
gs://pont1000testus/570.jpg,FL
gs://pont1000testus/571.jpg,RA
gs://pont1000testus/572.jpg,TS
gs://pont1000testus/573.jpg,RD
gs://pont1000testus/574.jpg,AP
gs://pont1000testus/575.jpg,RA
gs://pont1000testus/576.jpg,TS
gs://pont1000testus/577.jpg,AP
gs://pont1000testus/578.jpg,FL
gs://pont1000testus/579.jpg,PP
gs://pont1000testus/580.jpg,TS
gs://pont1000testus/581.jpg,AP
gs://pont1000testus/582.jpg,AP
gs://pont1000testus/583.jpg,TS
gs://pont1000testus/584.jpg,FL
gs://pont1000testus/585.jpg,PP
gs://pont1000testus/586.jpg,RD
gs://pont1000testus/587.jpg,TS
gs://pont1000testus/588.jpg,FL
gs://pont1000testus/589.jpg,AP
gs://pont1000testus/590.jpg,RD
gs://pont1000testus/591.jpg,RA
gs://pont1000testus/592.jpg,TS
gs://pont1000testus/593.jpg,FL
gs://pont1000testus/594.jpg,AP
gs://pont1000testus/595.jpg,RD
gs://pont1000testus/596.jpg,AP
gs://pont1000testus/597.jpg,RD
gs://pont1000testus/598.jpg,RA
gs://pont1000testus/599.jpg,FL
gs://pont1000testus/600.jpg,TS
gs://pont1000testus/601.jpg,AP
gs://pont1000testus/602.jpg,AP
gs://pont1000testus/603.jpg,TS
gs://pont1000testus/604.jpg,RD
gs://pont1000testus/605.jpg,RD
gs://pont1000testus/606.jpg,RA
gs://pont1000testus/607.jpg,FL
gs://pont1000testus/608.jpg,FL
gs://pont1000testus/609.jpg,FL
gs://pont1000testus/610.jpg,TS
gs://pont1000testus/611.jpg,RA
gs://pont1000testus/612.jpg,RD
gs://pont1000testus/613.jpg,RA
gs://pont1000testus/614.jpg,AP
gs://pont1000testus/615.jpg,PP
gs://pont1000testus/616.jpg,RA
gs://pont1000testus/617.jpg,AP
gs://pont1000testus/618.jpg,AP
gs://pont1000testus/619.jpg,RA
gs://pont1000testus/620.jpg,FL
gs://pont1000testus/621.jpg,RA
gs://pont1000testus/622.jpg,RA
gs://pont1000testus/623.jpg,AP
gs://pont1000testus/624.jpg,RD
gs://pont1000testus/625.jpg,AP
gs://pont1000testus/626.jpg,RA
gs://pont1000testus/627.jpg,AP
gs://pont1000testus/628.jpg,TS
gs://pont1000testus/629.jpg,RA
gs://pont1000testus/630.jpg,PP
gs://pont1000testus/631.jpg,PP
gs://pont1000testus/632.jpg,FL
gs://pont1000testus/633.jpg,TS
gs://pont1000testus/634.jpg,RD
gs://pont1000testus/635.jpg,RA
gs://pont1000testus/636.jpg,PP
gs://pont1000testus/637.jpg,AP
gs://pont1000testus/638.jpg,FL
gs://pont1000testus/639.jpg,FL
gs://pont1000testus/640.jpg,PP
gs://pont1000testus/641.jpg,TS
gs://pont1000testus/642.jpg,TS
gs://pont1000testus/643.jpg,FL
gs://pont1000testus/644.jpg,RA
gs://pont1000testus/645.jpg,RD
gs://pont1000testus/646.jpg,RA
gs://pont1000testus/647.jpg,FL
gs://pont1000testus/648.jpg,RD
gs://pont1000testus/649.jpg,RA
gs://pont1000testus/650.jpg,AP
gs://pont1000testus/651.jpg,RA
gs://pont1000testus/652.jpg,FL
gs://pont1000testus/653.jpg,TS
gs://pont1000testus/654.jpg,FL
gs://pont1000testus/655.jpg,RA
gs://pont1000testus/656.jpg,PP
gs://pont1000testus/657.jpg,RA
gs://pont1000testus/658.jpg,RA
gs://pont1000testus/659.jpg,FL
gs://pont1000testus/660.jpg,FL
gs://pont1000testus/661.jpg,FL
gs://pont1000testus/662.jpg,AP
gs://pont1000testus/663.jpg,RA
gs://pont1000testus/664.jpg,AP
gs://pont1000testus/665.jpg,RA
gs://pont1000testus/666.jpg,RD
gs://pont1000testus/667.jpg,PP
gs://pont1000testus/668.jpg,RA
gs://pont1000testus/669.jpg,RA
gs://pont1000testus/670.jpg,TS
gs://pont1000testus/671.jpg,RA
gs://pont1000testus/672.jpg,FL
gs://pont1000testus/673.jpg,FL
gs://pont1000testus/674.jpg,PP
gs://pont1000testus/675.jpg,FL
gs://pont1000testus/676.jpg,RA
gs://pont1000testus/677.jpg,AP
gs://pont1000testus/678.jpg,FL
gs://pont1000testus/679.jpg,RD
gs://pont1000testus/680.jpg,FL
gs://pont1000testus/681.jpg,PP
gs://pont1000testus/682.jpg,RD
gs://pont1000testus/683.jpg,TS
gs://pont1000testus/684.jpg,PP
gs://pont1000testus/685.jpg,PP
gs://pont1000testus/686.jpg,RD
gs://pont1000testus/687.jpg,RD
gs://pont1000testus/688.jpg,RA
gs://pont1000testus/689.jpg,FL
gs://pont1000testus/690.jpg,RA
gs://pont1000testus/691.jpg,RA
gs://pont1000testus/692.jpg,FL
gs://pont1000testus/693.jpg,RA
gs://pont1000testus/694.jpg,RA
gs://pont1000testus/695.jpg,RD
gs://pont1000testus/696.jpg,RD
gs://pont1000testus/697.jpg,AP
gs://pont1000testus/698.jpg,FL
gs://pont1000testus/699.jpg,RD
gs://pont1000testus/700.jpg,RD
gs://pont1000testus/701.jpg,PP
gs://pont1000testus/702.jpg,PP
gs://pont1000testus/703.jpg,AP
gs://pont1000testus/704.jpg,AP
gs://pont1000testus/705.jpg,RA
gs://pont1000testus/706.jpg,AP
gs://pont1000testus/707.jpg,FL
gs://pont1000testus/708.jpg,PP
gs://pont1000testus/709.jpg,FL
gs://pont1000testus/710.jpg,RD
gs://pont1000testus/711.jpg,RD
gs://pont1000testus/712.jpg,PP
gs://pont1000testus/713.jpg,FL
gs://pont1000testus/714.jpg,RD
gs://pont1000testus/715.jpg,FL
gs://pont1000testus/716.jpg,RA
gs://pont1000testus/717.jpg,RD
gs://pont1000testus/718.jpg,PP
gs://pont1000testus/719.jpg,FL
gs://pont1000testus/720.jpg,AP
gs://pont1000testus/721.jpg,RA
gs://pont1000testus/722.jpg,RD
gs://pont1000testus/723.jpg,TS
gs://pont1000testus/724.jpg,RD
gs://pont1000testus/725.jpg,AP
gs://pont1000testus/726.jpg,RD
gs://pont1000testus/727.jpg,RA
gs://pont1000testus/728.jpg,FL
gs://pont1000testus/729.jpg,RA
gs://pont1000testus/730.jpg,RD
gs://pont1000testus/731.jpg,FL
gs://pont1000testus/732.jpg,TS
gs://pont1000testus/733.jpg,TS
gs://pont1000testus/734.jpg,AP
gs://pont1000testus/735.jpg,FL
gs://pont1000testus/736.jpg,TS
gs://pont1000testus/737.jpg,FL
gs://pont1000testus/738.jpg,TS
gs://pont1000testus/739.jpg,PP
gs://pont1000testus/740.jpg,TS
gs://pont1000testus/741.jpg,PP
gs://pont1000testus/742.jpg,TS
gs://pont1000testus/743.jpg,FL
gs://pont1000testus/744.jpg,RD
gs://pont1000testus/745.jpg,RA
gs://pont1000testus/746.jpg,RD
gs://pont1000testus/747.jpg,RA
gs://pont1000testus/748.jpg,AP
gs://pont1000testus/749.jpg,FL
gs://pont1000testus/750.jpg,RD
gs://pont1000testus/751.jpg,PP
gs://pont1000testus/752.jpg,TS
gs://pont1000testus/753.jpg,TS
gs://pont1000testus/754.jpg,TS
gs://pont1000testus/755.jpg,RD
gs://pont1000testus/756.jpg,TS
gs://pont1000testus/757.jpg,PP
gs://pont1000testus/758.jpg,PP
gs://pont1000testus/759.jpg,AP
gs://pont1000testus/760.jpg,AP
gs://pont1000testus/761.jpg,RD
gs://pont1000testus/762.jpg,FL
gs://pont1000testus/763.jpg,PP
gs://pont1000testus/764.jpg,RD
gs://pont1000testus/765.jpg,AP
gs://pont1000testus/766.jpg,RA
gs://pont1000testus/767.jpg,FL
gs://pont1000testus/768.jpg,AP
gs://pont1000testus/769.jpg,RD
gs://pont1000testus/770.jpg,PP
gs://pont1000testus/771.jpg,AP
gs://pont1000testus/772.jpg,RA
gs://pont1000testus/773.jpg,PP
gs://pont1000testus/774.jpg,RA
gs://pont1000testus/775.jpg,RA
gs://pont1000testus/776.jpg,PP
gs://pont1000testus/777.jpg,AP
gs://pont1000testus/778.jpg,RD
gs://pont1000testus/779.jpg,RA
gs://pont1000testus/780.jpg,TS
gs://pont1000testus/781.jpg,PP
gs://pont1000testus/782.jpg,FL
gs://pont1000testus/783.jpg,RA
gs://pont1000testus/784.jpg,PP
gs://pont1000testus/785.jpg,TS
gs://pont1000testus/786.jpg,RA
gs://pont1000testus/787.jpg,FL
gs://pont1000testus/788.jpg,RA
gs://pont1000testus/789.jpg,RD
gs://pont1000testus/790.jpg,AP
gs://pont1000testus/791.jpg,PP
gs://pont1000testus/792.jpg,TS
gs://pont1000testus/793.jpg,PP
gs://pont1000testus/794.jpg,PP
gs://pont1000testus/795.jpg,AP
gs://pont1000testus/796.jpg,PP
gs://pont1000testus/797.jpg,RA
gs://pont1000testus/798.jpg,PP
gs://pont1000testus/799.jpg,FL
gs://pont1000testus/800.jpg,RA
gs://pont1000testus/801.jpg,FL
gs://pont1000testus/802.jpg,TS
gs://pont1000testus/803.jpg,RA
gs://pont1000testus/804.jpg,RD
gs://pont1000testus/805.jpg,TS
gs://pont1000testus/806.jpg,PP
gs://pont1000testus/807.jpg,RD
gs://pont1000testus/808.jpg,AP
gs://pont1000testus/809.jpg,RD
gs://pont1000testus/810.jpg,RD
gs://pont1000testus/811.jpg,RD
gs://pont1000testus/812.jpg,AP
gs://pont1000testus/813.jpg,FL
gs://pont1000testus/814.jpg,TS
gs://pont1000testus/815.jpg,PP
gs://pont1000testus/816.jpg,TS
gs://pont1000testus/817.jpg,RA
gs://pont1000testus/818.jpg,PP
gs://pont1000testus/819.jpg,FL
gs://pont1000testus/820.jpg,RA
gs://pont1000testus/821.jpg,FL
gs://pont1000testus/822.jpg,FL
gs://pont1000testus/823.jpg,FL
gs://pont1000testus/824.jpg,FL
gs://pont1000testus/825.jpg,FL
gs://pont1000testus/826.jpg,RA
gs://pont1000testus/827.jpg,AP
gs://pont1000testus/828.jpg,PP
gs://pont1000testus/829.jpg,FL
gs://pont1000testus/830.jpg,FL
gs://pont1000testus/831.jpg,RA
gs://pont1000testus/832.jpg,PP
gs://pont1000testus/833.jpg,TS
gs://pont1000testus/834.jpg,RA
gs://pont1000testus/835.jpg,FL
gs://pont1000testus/836.jpg,AP
gs://pont1000testus/837.jpg,FL
gs://pont1000testus/838.jpg,FL
gs://pont1000testus/839.jpg,RA
gs://pont1000testus/840.jpg,RA
gs://pont1000testus/841.jpg,PP
gs://pont1000testus/842.jpg,RD
gs://pont1000testus/843.jpg,RD
gs://pont1000testus/844.jpg,FL
gs://pont1000testus/845.jpg,AP
gs://pont1000testus/846.jpg,TS
gs://pont1000testus/847.jpg,RA
gs://pont1000testus/848.jpg,RD
gs://pont1000testus/849.jpg,AP
gs://pont1000testus/850.jpg,TS
gs://pont1000testus/851.jpg,RD
gs://pont1000testus/852.jpg,RA
gs://pont1000testus/853.jpg,TS
gs://pont1000testus/854.jpg,FL
gs://pont1000testus/855.jpg,RA
gs://pont1000testus/856.jpg,TS
gs://pont1000testus/857.jpg,RD
gs://pont1000testus/858.jpg,RA
gs://pont1000testus/859.jpg,RD
gs://pont1000testus/860.jpg,RD
gs://pont1000testus/861.jpg,AP
gs://pont1000testus/862.jpg,RA
gs://pont1000testus/863.jpg,FL
gs://pont1000testus/864.jpg,FL
gs://pont1000testus/865.jpg,AP
gs://pont1000testus/866.jpg,TS
gs://pont1000testus/867.jpg,AP
gs://pont1000testus/868.jpg,TS
gs://pont1000testus/869.jpg,RA
gs://pont1000testus/870.jpg,RA
gs://pont1000testus/871.jpg,TS
gs://pont1000testus/872.jpg,FL
gs://pont1000testus/873.jpg,TS
gs://pont1000testus/874.jpg,TS
gs://pont1000testus/875.jpg,RA
gs://pont1000testus/876.jpg,TS
gs://pont1000testus/877.jpg,PP
gs://pont1000testus/878.jpg,TS
gs://pont1000testus/879.jpg,AP
gs://pont1000testus/880.jpg,RD
gs://pont1000testus/881.jpg,RD
gs://pont1000testus/882.jpg,TS
gs://pont1000testus/883.jpg,RD
gs://pont1000testus/884.jpg,PP
gs://pont1000testus/885.jpg,AP
gs://pont1000testus/886.jpg,RA
gs://pont1000testus/887.jpg,RD
gs://pont1000testus/888.jpg,PP
gs://pont1000testus/889.jpg,FL
gs://pont1000testus/890.jpg,TS
gs://pont1000testus/891.jpg,TS
gs://pont1000testus/892.jpg,RD
gs://pont1000testus/893.jpg,FL
gs://pont1000testus/894.jpg,RD
gs://pont1000testus/895.jpg,TS
gs://pont1000testus/896.jpg,RD
gs://pont1000testus/897.jpg,AP
gs://pont1000testus/898.jpg,RA
gs://pont1000testus/899.jpg,FL
gs://pont1000testus/900.jpg,PP
gs://pont1000testus/901.jpg,RA
gs://pont1000testus/902.jpg,PP
gs://pont1000testus/903.jpg,RA
gs://pont1000testus/904.jpg,RA
gs://pont1000testus/905.jpg,RD
gs://pont1000testus/906.jpg,TS
gs://pont1000testus/907.jpg,RD
gs://pont1000testus/908.jpg,RD
gs://pont1000testus/909.jpg,TS
gs://pont1000testus/910.jpg,FL
gs://pont1000testus/911.jpg,FL
gs://pont1000testus/912.jpg,PP
gs://pont1000testus/913.jpg,RA
gs://pont1000testus/914.jpg,AP
gs://pont1000testus/915.jpg,RA
gs://pont1000testus/916.jpg,RD
gs://pont1000testus/917.jpg,RD
gs://pont1000testus/918.jpg,RD
gs://pont1000testus/919.jpg,RA
gs://pont1000testus/920.jpg,PP
gs://pont1000testus/921.jpg,FL
gs://pont1000testus/922.jpg,RA
gs://pont1000testus/923.jpg,FL
gs://pont1000testus/924.jpg,AP
gs://pont1000testus/925.jpg,PP
gs://pont1000testus/926.jpg,PP
gs://pont1000testus/927.jpg,AP
gs://pont1000testus/928.jpg,AP
gs://pont1000testus/929.jpg,PP
gs://pont1000testus/930.jpg,RA
gs://pont1000testus/931.jpg,TS
gs://pont1000testus/932.jpg,FL
gs://pont1000testus/933.jpg,PP
gs://pont1000testus/934.jpg,AP
gs://pont1000testus/935.jpg,RA
gs://pont1000testus/936.jpg,AP
gs://pont1000testus/937.jpg,AP
gs://pont1000testus/938.jpg,TS
gs://pont1000testus/939.jpg,PP
gs://pont1000testus/940.jpg,RA
gs://pont1000testus/941.jpg,TS
gs://pont1000testus/942.jpg,RA
gs://pont1000testus/943.jpg,FL
gs://pont1000testus/944.jpg,RD
gs://pont1000testus/945.jpg,FL
gs://pont1000testus/946.jpg,RA
gs://pont1000testus/947.jpg,AP
gs://pont1000testus/948.jpg,AP
gs://pont1000testus/949.jpg,RD
gs://pont1000testus/950.jpg,RD
gs://pont1000testus/951.jpg,PP
gs://pont1000testus/952.jpg,RA
gs://pont1000testus/953.jpg,TS
gs://pont1000testus/954.jpg,RA
gs://pont1000testus/955.jpg,TS
gs://pont1000testus/956.jpg,AP
gs://pont1000testus/957.jpg,TS
gs://pont1000testus/958.jpg,FL
gs://pont1000testus/959.jpg,TS
gs://pont1000testus/960.jpg,TS
gs://pont1000testus/961.jpg,TS
gs://pont1000testus/962.jpg,FL
gs://pont1000testus/963.jpg,PP
gs://pont1000testus/964.jpg,FL
gs://pont1000testus/965.jpg,RD
gs://pont1000testus/966.jpg,RD
gs://pont1000testus/967.jpg,PP
gs://pont1000testus/968.jpg,FL
gs://pont1000testus/969.jpg,PP
gs://pont1000testus/970.jpg,AP
gs://pont1000testus/971.jpg,TS
gs://pont1000testus/972.jpg,AP
gs://pont1000testus/973.jpg,PP
gs://pont1000testus/974.jpg,RA
gs://pont1000testus/975.jpg,RD
gs://pont1000testus/976.jpg,TS
gs://pont1000testus/977.jpg,RA
gs://pont1000testus/978.jpg,RA
gs://pont1000testus/979.jpg,PP
gs://pont1000testus/980.jpg,RA
gs://pont1000testus/981.jpg,RA
gs://pont1000testus/982.jpg,AP
gs://pont1000testus/983.jpg,RD
gs://pont1000testus/984.jpg,AP
gs://pont1000testus/985.jpg,RD
gs://pont1000testus/986.jpg,RD
gs://pont1000testus/987.jpg,TS
gs://pont1000testus/988.jpg,AP
gs://pont1000testus/989.jpg,TS
gs://pont1000testus/990.jpg,AP
gs://pont1000testus/991.jpg,FL
gs://pont1000testus/992.jpg,RA
gs://pont1000testus/993.jpg,RA
gs://pont1000testus/994.jpg,AP
gs://pont1000testus/995.jpg,PP
gs://pont1000testus/996.jpg,AP
gs://pont1000testus/997.jpg,RA
gs://pont1000testus/998.jpg,RD
gs://pont1000testus/999.jpg,FL
gs://pont1000testus/1000.jpg,TS
